Publish Time,Location,Solar MW
2022-06-30 07:00:00-07:00,CAISO,0.0
2022-06-30 07:00:00-07:00,NP15,0.0
2022-06-30 07:00:00-07:00,SP15,0.0
2022-06-30 07:00:00-07:00,ZP26,0.0
2022-06-30 07:00:00-07:00,CAISO,0.0
2022-06-30 07:00:00-07:00,NP15,0.0
2022-06-30 07:00:00-07:00,SP15,0.0
2022-06-30 07:00:00-07:00,ZP26,0.0
2022-06-30 07:00:00-07:00,CAISO,0.0
2022-06-30 07:00:00-07:00,NP15,0.0
2022-06-30 07:00:00-07:00,SP15,0.0
2022-06-30 07:00:00-07:00,ZP26,0.0
2022-06-30 07:00:00-07:00,CAISO,0.0
2022-06-30 07:00:00-07:00,NP15,0.0
2022-06-30 07:00:00-07:00,SP15,0.0
2022-06-30 07:00:00-07:00,ZP26,0.0
2022-06-30 07:00:00-07:00,CAISO,0.0
2022-06-30 07:00:00-07:00,NP15,0.0
2022-06-30 07:00:00-07:00,SP15,0.0
2022-06-30 07:00:00-07:00,ZP26,0.0
2022-06-30 07:00:00-07:00,CAISO,46.3
2022-06-30 07:00:00-07:00,NP15,1.26
2022-06-30 07:00:00-07:00,SP15,44.18
2022-06-30 07:00:00-07:00,ZP26,0.86
2022-06-30 07:00:00-07:00,CAISO,2450.4300000000003
2022-06-30 07:00:00-07:00,NP15,341.95
2022-06-30 07:00:00-07:00,SP15,1854.24
2022-06-30 07:00:00-07:00,ZP26,254.24
2022-06-30 07:00:00-07:00,CAISO,7639.58
2022-06-30 07:00:00-07:00,NP15,1271.59
2022-06-30 07:00:00-07:00,SP15,5349.58
2022-06-30 07:00:00-07:00,ZP26,1018.41
2022-06-30 07:00:00-07:00,CAISO,10730.05
2022-06-30 07:00:00-07:00,NP15,1752.66
2022-06-30 07:00:00-07:00,SP15,7426.65
2022-06-30 07:00:00-07:00,ZP26,1550.74
2022-06-30 07:00:00-07:00,CAISO,12147.59
2022-06-30 07:00:00-07:00,NP15,1909.99
2022-06-30 07:00:00-07:00,SP15,8427.74
2022-06-30 07:00:00-07:00,ZP26,1809.86
2022-06-30 07:00:00-07:00,CAISO,12839.45
2022-06-30 07:00:00-07:00,NP15,1963.45
2022-06-30 07:00:00-07:00,SP15,8896.7
2022-06-30 07:00:00-07:00,ZP26,1979.3
2022-06-30 07:00:00-07:00,CAISO,13173.029999999999
2022-06-30 07:00:00-07:00,NP15,1996.79
2022-06-30 07:00:00-07:00,SP15,9147.46
2022-06-30 07:00:00-07:00,ZP26,2028.78
2022-06-30 07:00:00-07:00,CAISO,13253.9
2022-06-30 07:00:00-07:00,NP15,2003.06
2022-06-30 07:00:00-07:00,SP15,9200.23
2022-06-30 07:00:00-07:00,ZP26,2050.61
2022-06-30 07:00:00-07:00,CAISO,13246.27
2022-06-30 07:00:00-07:00,NP15,1999.98
2022-06-30 07:00:00-07:00,SP15,9191.35
2022-06-30 07:00:00-07:00,ZP26,2054.94
2022-06-30 07:00:00-07:00,CAISO,13030.150000000001
2022-06-30 07:00:00-07:00,NP15,1984.28
2022-06-30 07:00:00-07:00,SP15,9006.79
2022-06-30 07:00:00-07:00,ZP26,2039.08
2022-06-30 07:00:00-07:00,CAISO,12551.91
2022-06-30 07:00:00-07:00,NP15,1947.15
2022-06-30 07:00:00-07:00,SP15,8653.07
2022-06-30 07:00:00-07:00,ZP26,1951.69
2022-06-30 07:00:00-07:00,CAISO,11701.17
2022-06-30 07:00:00-07:00,NP15,1881.41
2022-06-30 07:00:00-07:00,SP15,8038.75
2022-06-30 07:00:00-07:00,ZP26,1781.01
2022-06-30 07:00:00-07:00,CAISO,10022.98
2022-06-30 07:00:00-07:00,NP15,1738.33
2022-06-30 07:00:00-07:00,SP15,6767.97
2022-06-30 07:00:00-07:00,ZP26,1516.68
2022-06-30 07:00:00-07:00,CAISO,6263.35
2022-06-30 07:00:00-07:00,NP15,1259.14
2022-06-30 07:00:00-07:00,SP15,4011.11
2022-06-30 07:00:00-07:00,ZP26,993.1
2022-06-30 07:00:00-07:00,CAISO,1455.0
2022-06-30 07:00:00-07:00,NP15,388.84
2022-06-30 07:00:00-07:00,SP15,807.99
2022-06-30 07:00:00-07:00,ZP26,258.17
2022-06-30 07:00:00-07:00,CAISO,27.59
2022-06-30 07:00:00-07:00,NP15,7.72
2022-06-30 07:00:00-07:00,SP15,17.2
2022-06-30 07:00:00-07:00,ZP26,2.67
2022-06-30 07:00:00-07:00,CAISO,0.0
2022-06-30 07:00:00-07:00,NP15,0.0
2022-06-30 07:00:00-07:00,SP15,0.0
2022-06-30 07:00:00-07:00,ZP26,0.0
2022-06-30 07:00:00-07:00,CAISO,0.0
2022-06-30 07:00:00-07:00,NP15,0.0
2022-06-30 07:00:00-07:00,SP15,0.0
2022-06-30 07:00:00-07:00,ZP26,0.0
2022-06-30 07:00:00-07:00,CAISO,0.0
2022-06-30 07:00:00-07:00,NP15,0.0
2022-06-30 07:00:00-07:00,SP15,0.0
2022-06-30 07:00:00-07:00,ZP26,0.0
2022-07-01 07:00:00-07:00,CAISO,0.0
2022-07-01 07:00:00-07:00,NP15,0.0
2022-07-01 07:00:00-07:00,SP15,0.0
2022-07-01 07:00:00-07:00,ZP26,0.0
2022-07-01 07:00:00-07:00,CAISO,0.0
2022-07-01 07:00:00-07:00,NP15,0.0
2022-07-01 07:00:00-07:00,SP15,0.0
2022-07-01 07:00:00-07:00,ZP26,0.0
2022-07-01 07:00:00-07:00,CAISO,0.0
2022-07-01 07:00:00-07:00,NP15,0.0
2022-07-01 07:00:00-07:00,SP15,0.0
2022-07-01 07:00:00-07:00,ZP26,0.0
2022-07-01 07:00:00-07:00,CAISO,0.0
2022-07-01 07:00:00-07:00,NP15,0.0
2022-07-01 07:00:00-07:00,SP15,0.0
2022-07-01 07:00:00-07:00,ZP26,0.0
2022-07-01 07:00:00-07:00,CAISO,0.0
2022-07-01 07:00:00-07:00,NP15,0.0
2022-07-01 07:00:00-07:00,SP15,0.0
2022-07-01 07:00:00-07:00,ZP26,0.0
2022-07-01 07:00:00-07:00,CAISO,43.839999999999996
2022-07-01 07:00:00-07:00,NP15,1.14
2022-07-01 07:00:00-07:00,SP15,41.97
2022-07-01 07:00:00-07:00,ZP26,0.73
2022-07-01 07:00:00-07:00,CAISO,2343.9300000000003
2022-07-01 07:00:00-07:00,NP15,328.02
2022-07-01 07:00:00-07:00,SP15,1781.39
2022-07-01 07:00:00-07:00,ZP26,234.52
2022-07-01 07:00:00-07:00,CAISO,7493.85
2022-07-01 07:00:00-07:00,NP15,1240.05
2022-07-01 07:00:00-07:00,SP15,5293.88
2022-07-01 07:00:00-07:00,ZP26,959.92
2022-07-01 07:00:00-07:00,CAISO,10708.76
2022-07-01 07:00:00-07:00,NP15,1736.11
2022-07-01 07:00:00-07:00,SP15,7473.71
2022-07-01 07:00:00-07:00,ZP26,1498.94
2022-07-01 07:00:00-07:00,CAISO,12185.599999999999
2022-07-01 07:00:00-07:00,NP15,1876.28
2022-07-01 07:00:00-07:00,SP15,8512.89
2022-07-01 07:00:00-07:00,ZP26,1796.43
2022-07-01 07:00:00-07:00,CAISO,12882.91
2022-07-01 07:00:00-07:00,NP15,1945.9
2022-07-01 07:00:00-07:00,SP15,8985.58
2022-07-01 07:00:00-07:00,ZP26,1951.43
2022-07-01 07:00:00-07:00,CAISO,13241.5
2022-07-01 07:00:00-07:00,NP15,1982.61
2022-07-01 07:00:00-07:00,SP15,9217.24
2022-07-01 07:00:00-07:00,ZP26,2041.65
2022-07-01 07:00:00-07:00,CAISO,13328.96
2022-07-01 07:00:00-07:00,NP15,1991.32
2022-07-01 07:00:00-07:00,SP15,9266.71
2022-07-01 07:00:00-07:00,ZP26,2070.93
2022-07-01 07:00:00-07:00,CAISO,13323.060000000001
2022-07-01 07:00:00-07:00,NP15,1994.83
2022-07-01 07:00:00-07:00,SP15,9262.18
2022-07-01 07:00:00-07:00,ZP26,2066.05
2022-07-01 07:00:00-07:00,CAISO,13065.58
2022-07-01 07:00:00-07:00,NP15,1976.66
2022-07-01 07:00:00-07:00,SP15,9072.02
2022-07-01 07:00:00-07:00,ZP26,2016.9
2022-07-01 07:00:00-07:00,CAISO,12588.369999999999
2022-07-01 07:00:00-07:00,NP15,1943.32
2022-07-01 07:00:00-07:00,SP15,8709.74
2022-07-01 07:00:00-07:00,ZP26,1935.31
2022-07-01 07:00:00-07:00,CAISO,11751.54
2022-07-01 07:00:00-07:00,NP15,1888.31
2022-07-01 07:00:00-07:00,SP15,8080.02
2022-07-01 07:00:00-07:00,ZP26,1783.21
2022-07-01 07:00:00-07:00,CAISO,10005.6
2022-07-01 07:00:00-07:00,NP15,1742.79
2022-07-01 07:00:00-07:00,SP15,6749.52
2022-07-01 07:00:00-07:00,ZP26,1513.29
2022-07-01 07:00:00-07:00,CAISO,6269.21
2022-07-01 07:00:00-07:00,NP15,1272.64
2022-07-01 07:00:00-07:00,SP15,3974.85
2022-07-01 07:00:00-07:00,ZP26,1021.72
2022-07-01 07:00:00-07:00,CAISO,1484.52
2022-07-01 07:00:00-07:00,NP15,398.7
2022-07-01 07:00:00-07:00,SP15,813.48
2022-07-01 07:00:00-07:00,ZP26,272.34
2022-07-01 07:00:00-07:00,CAISO,21.12
2022-07-01 07:00:00-07:00,NP15,7.92
2022-07-01 07:00:00-07:00,SP15,10.57
2022-07-01 07:00:00-07:00,ZP26,2.63
2022-07-01 07:00:00-07:00,CAISO,0.01
2022-07-01 07:00:00-07:00,NP15,0.01
2022-07-01 07:00:00-07:00,SP15,0.0
2022-07-01 07:00:00-07:00,ZP26,0.0
2022-07-01 07:00:00-07:00,CAISO,0.0
2022-07-01 07:00:00-07:00,NP15,0.0
2022-07-01 07:00:00-07:00,SP15,0.0
2022-07-01 07:00:00-07:00,ZP26,0.0
2022-07-01 07:00:00-07:00,CAISO,0.0
2022-07-01 07:00:00-07:00,NP15,0.0
2022-07-01 07:00:00-07:00,SP15,0.0
2022-07-01 07:00:00-07:00,ZP26,0.0
2022-07-02 07:00:00-07:00,CAISO,0.0
2022-07-02 07:00:00-07:00,NP15,0.0
2022-07-02 07:00:00-07:00,SP15,0.0
2022-07-02 07:00:00-07:00,ZP26,0.0
2022-07-02 07:00:00-07:00,CAISO,0.0
2022-07-02 07:00:00-07:00,NP15,0.0
2022-07-02 07:00:00-07:00,SP15,0.0
2022-07-02 07:00:00-07:00,ZP26,0.0
2022-07-02 07:00:00-07:00,CAISO,0.0
2022-07-02 07:00:00-07:00,NP15,0.0
2022-07-02 07:00:00-07:00,SP15,0.0
2022-07-02 07:00:00-07:00,ZP26,0.0
2022-07-02 07:00:00-07:00,CAISO,0.0
2022-07-02 07:00:00-07:00,NP15,0.0
2022-07-02 07:00:00-07:00,SP15,0.0
2022-07-02 07:00:00-07:00,ZP26,0.0
2022-07-02 07:00:00-07:00,CAISO,0.0
2022-07-02 07:00:00-07:00,NP15,0.0
2022-07-02 07:00:00-07:00,SP15,0.0
2022-07-02 07:00:00-07:00,ZP26,0.0
2022-07-02 07:00:00-07:00,CAISO,37.32
2022-07-02 07:00:00-07:00,NP15,1.0
2022-07-02 07:00:00-07:00,SP15,35.74
2022-07-02 07:00:00-07:00,ZP26,0.58
2022-07-02 07:00:00-07:00,CAISO,2246.1099999999997
2022-07-02 07:00:00-07:00,NP15,313.48
2022-07-02 07:00:00-07:00,SP15,1707.06
2022-07-02 07:00:00-07:00,ZP26,225.57
2022-07-02 07:00:00-07:00,CAISO,7390.6
2022-07-02 07:00:00-07:00,NP15,1245.28
2022-07-02 07:00:00-07:00,SP15,5192.68
2022-07-02 07:00:00-07:00,ZP26,952.64
2022-07-02 07:00:00-07:00,CAISO,10652.119999999999
2022-07-02 07:00:00-07:00,NP15,1721.35
2022-07-02 07:00:00-07:00,SP15,7442.94
2022-07-02 07:00:00-07:00,ZP26,1487.83
2022-07-02 07:00:00-07:00,CAISO,12161.82
2022-07-02 07:00:00-07:00,NP15,1853.99
2022-07-02 07:00:00-07:00,SP15,8529.51
2022-07-02 07:00:00-07:00,ZP26,1778.32
2022-07-02 07:00:00-07:00,CAISO,12869.06
2022-07-02 07:00:00-07:00,NP15,1912.37
2022-07-02 07:00:00-07:00,SP15,9022.07
2022-07-02 07:00:00-07:00,ZP26,1934.62
2022-07-02 07:00:00-07:00,CAISO,13203.24
2022-07-02 07:00:00-07:00,NP15,1927.11
2022-07-02 07:00:00-07:00,SP15,9247.07
2022-07-02 07:00:00-07:00,ZP26,2029.06
2022-07-02 07:00:00-07:00,CAISO,13299.35
2022-07-02 07:00:00-07:00,NP15,1937.93
2022-07-02 07:00:00-07:00,SP15,9294.54
2022-07-02 07:00:00-07:00,ZP26,2066.88
2022-07-02 07:00:00-07:00,CAISO,13292.920000000002
2022-07-02 07:00:00-07:00,NP15,1942.49
2022-07-02 07:00:00-07:00,SP15,9286.12
2022-07-02 07:00:00-07:00,ZP26,2064.31
2022-07-02 07:00:00-07:00,CAISO,13040.369999999999
2022-07-02 07:00:00-07:00,NP15,1937.03
2022-07-02 07:00:00-07:00,SP15,9091.14
2022-07-02 07:00:00-07:00,ZP26,2012.2
2022-07-02 07:00:00-07:00,CAISO,12567.13
2022-07-02 07:00:00-07:00,NP15,1911.66
2022-07-02 07:00:00-07:00,SP15,8727.73
2022-07-02 07:00:00-07:00,ZP26,1927.74
2022-07-02 07:00:00-07:00,CAISO,11747.35
2022-07-02 07:00:00-07:00,NP15,1866.45
2022-07-02 07:00:00-07:00,SP15,8106.7
2022-07-02 07:00:00-07:00,ZP26,1774.2
2022-07-02 07:00:00-07:00,CAISO,9977.83
2022-07-02 07:00:00-07:00,NP15,1730.47
2022-07-02 07:00:00-07:00,SP15,6741.04
2022-07-02 07:00:00-07:00,ZP26,1506.32
2022-07-02 07:00:00-07:00,CAISO,6256.26
2022-07-02 07:00:00-07:00,NP15,1284.11
2022-07-02 07:00:00-07:00,SP15,3956.06
2022-07-02 07:00:00-07:00,ZP26,1016.09
2022-07-02 07:00:00-07:00,CAISO,1485.54
2022-07-02 07:00:00-07:00,NP15,405.02
2022-07-02 07:00:00-07:00,SP15,810.6
2022-07-02 07:00:00-07:00,ZP26,269.92
2022-07-02 07:00:00-07:00,CAISO,17.72
2022-07-02 07:00:00-07:00,NP15,8.32
2022-07-02 07:00:00-07:00,SP15,6.73
2022-07-02 07:00:00-07:00,ZP26,2.67
2022-07-02 07:00:00-07:00,CAISO,0.01
2022-07-02 07:00:00-07:00,NP15,0.01
2022-07-02 07:00:00-07:00,SP15,0.0
2022-07-02 07:00:00-07:00,ZP26,0.0
2022-07-02 07:00:00-07:00,CAISO,0.0
2022-07-02 07:00:00-07:00,NP15,0.0
2022-07-02 07:00:00-07:00,SP15,0.0
2022-07-02 07:00:00-07:00,ZP26,0.0
2022-07-02 07:00:00-07:00,CAISO,0.0
2022-07-02 07:00:00-07:00,NP15,0.0
2022-07-02 07:00:00-07:00,SP15,0.0
2022-07-02 07:00:00-07:00,ZP26,0.0
2022-07-03 07:00:00-07:00,CAISO,0.0
2022-07-03 07:00:00-07:00,NP15,0.0
2022-07-03 07:00:00-07:00,SP15,0.0
2022-07-03 07:00:00-07:00,ZP26,0.0
2022-07-03 07:00:00-07:00,CAISO,0.0
2022-07-03 07:00:00-07:00,NP15,0.0
2022-07-03 07:00:00-07:00,SP15,0.0
2022-07-03 07:00:00-07:00,ZP26,0.0
2022-07-03 07:00:00-07:00,CAISO,0.0
2022-07-03 07:00:00-07:00,NP15,0.0
2022-07-03 07:00:00-07:00,SP15,0.0
2022-07-03 07:00:00-07:00,ZP26,0.0
2022-07-03 07:00:00-07:00,CAISO,0.0
2022-07-03 07:00:00-07:00,NP15,0.0
2022-07-03 07:00:00-07:00,SP15,0.0
2022-07-03 07:00:00-07:00,ZP26,0.0
2022-07-03 07:00:00-07:00,CAISO,0.0
2022-07-03 07:00:00-07:00,NP15,0.0
2022-07-03 07:00:00-07:00,SP15,0.0
2022-07-03 07:00:00-07:00,ZP26,0.0
2022-07-03 07:00:00-07:00,CAISO,30.4
2022-07-03 07:00:00-07:00,NP15,0.87
2022-07-03 07:00:00-07:00,SP15,29.06
2022-07-03 07:00:00-07:00,ZP26,0.47
2022-07-03 07:00:00-07:00,CAISO,2128.42
2022-07-03 07:00:00-07:00,NP15,306.71
2022-07-03 07:00:00-07:00,SP15,1600.38
2022-07-03 07:00:00-07:00,ZP26,221.33
2022-07-03 07:00:00-07:00,CAISO,7221.32
2022-07-03 07:00:00-07:00,NP15,1240.19
2022-07-03 07:00:00-07:00,SP15,5035.87
2022-07-03 07:00:00-07:00,ZP26,945.26
2022-07-03 07:00:00-07:00,CAISO,10471.16
2022-07-03 07:00:00-07:00,NP15,1712.18
2022-07-03 07:00:00-07:00,SP15,7277.24
2022-07-03 07:00:00-07:00,ZP26,1481.74
2022-07-03 07:00:00-07:00,CAISO,11981.11
2022-07-03 07:00:00-07:00,NP15,1828.46
2022-07-03 07:00:00-07:00,SP15,8378.76
2022-07-03 07:00:00-07:00,ZP26,1773.89
2022-07-03 07:00:00-07:00,CAISO,12695.400000000001
2022-07-03 07:00:00-07:00,NP15,1895.06
2022-07-03 07:00:00-07:00,SP15,8871.44
2022-07-03 07:00:00-07:00,ZP26,1928.9
2022-07-03 07:00:00-07:00,CAISO,13060.3
2022-07-03 07:00:00-07:00,NP15,1926.34
2022-07-03 07:00:00-07:00,SP15,9111.4
2022-07-03 07:00:00-07:00,ZP26,2022.56
2022-07-03 07:00:00-07:00,CAISO,13161.24
2022-07-03 07:00:00-07:00,NP15,1927.82
2022-07-03 07:00:00-07:00,SP15,9178.36
2022-07-03 07:00:00-07:00,ZP26,2055.06
2022-07-03 07:00:00-07:00,CAISO,13119.97
2022-07-03 07:00:00-07:00,NP15,1920.49
2022-07-03 07:00:00-07:00,SP15,9145.07
2022-07-03 07:00:00-07:00,ZP26,2054.41
2022-07-03 07:00:00-07:00,CAISO,12848.6
2022-07-03 07:00:00-07:00,NP15,1900.5
2022-07-03 07:00:00-07:00,SP15,8944.08
2022-07-03 07:00:00-07:00,ZP26,2004.02
2022-07-03 07:00:00-07:00,CAISO,12354.310000000001
2022-07-03 07:00:00-07:00,NP15,1852.51
2022-07-03 07:00:00-07:00,SP15,8577.92
2022-07-03 07:00:00-07:00,ZP26,1923.88
2022-07-03 07:00:00-07:00,CAISO,11540.85
2022-07-03 07:00:00-07:00,NP15,1807.9
2022-07-03 07:00:00-07:00,SP15,7957.56
2022-07-03 07:00:00-07:00,ZP26,1775.39
2022-07-03 07:00:00-07:00,CAISO,9778.97
2022-07-03 07:00:00-07:00,NP15,1653.45
2022-07-03 07:00:00-07:00,SP15,6625.94
2022-07-03 07:00:00-07:00,ZP26,1499.58
2022-07-03 07:00:00-07:00,CAISO,6117.65
2022-07-03 07:00:00-07:00,NP15,1221.63
2022-07-03 07:00:00-07:00,SP15,3890.72
2022-07-03 07:00:00-07:00,ZP26,1005.3
2022-07-03 07:00:00-07:00,CAISO,1442.67
2022-07-03 07:00:00-07:00,NP15,385.3
2022-07-03 07:00:00-07:00,SP15,790.48
2022-07-03 07:00:00-07:00,ZP26,266.89
2022-07-03 07:00:00-07:00,CAISO,17.11
2022-07-03 07:00:00-07:00,NP15,7.88
2022-07-03 07:00:00-07:00,SP15,6.59
2022-07-03 07:00:00-07:00,ZP26,2.64
2022-07-03 07:00:00-07:00,CAISO,0.01
2022-07-03 07:00:00-07:00,NP15,0.01
2022-07-03 07:00:00-07:00,SP15,0.0
2022-07-03 07:00:00-07:00,ZP26,0.0
2022-07-03 07:00:00-07:00,CAISO,0.0
2022-07-03 07:00:00-07:00,NP15,0.0
2022-07-03 07:00:00-07:00,SP15,0.0
2022-07-03 07:00:00-07:00,ZP26,0.0
2022-07-03 07:00:00-07:00,CAISO,0.0
2022-07-03 07:00:00-07:00,NP15,0.0
2022-07-03 07:00:00-07:00,SP15,0.0
2022-07-03 07:00:00-07:00,ZP26,0.0
2022-07-04 07:00:00-07:00,CAISO,0.0
2022-07-04 07:00:00-07:00,NP15,0.0
2022-07-04 07:00:00-07:00,SP15,0.0
2022-07-04 07:00:00-07:00,ZP26,0.0
2022-07-04 07:00:00-07:00,CAISO,0.0
2022-07-04 07:00:00-07:00,NP15,0.0
2022-07-04 07:00:00-07:00,SP15,0.0
2022-07-04 07:00:00-07:00,ZP26,0.0
2022-07-04 07:00:00-07:00,CAISO,0.0
2022-07-04 07:00:00-07:00,NP15,0.0
2022-07-04 07:00:00-07:00,SP15,0.0
2022-07-04 07:00:00-07:00,ZP26,0.0
2022-07-04 07:00:00-07:00,CAISO,0.0
2022-07-04 07:00:00-07:00,NP15,0.0
2022-07-04 07:00:00-07:00,SP15,0.0
2022-07-04 07:00:00-07:00,ZP26,0.0
2022-07-04 07:00:00-07:00,CAISO,0.0
2022-07-04 07:00:00-07:00,NP15,0.0
2022-07-04 07:00:00-07:00,SP15,0.0
2022-07-04 07:00:00-07:00,ZP26,0.0
2022-07-04 07:00:00-07:00,CAISO,28.46
2022-07-04 07:00:00-07:00,NP15,0.84
2022-07-04 07:00:00-07:00,SP15,27.13
2022-07-04 07:00:00-07:00,ZP26,0.49
2022-07-04 07:00:00-07:00,CAISO,2090.96
2022-07-04 07:00:00-07:00,NP15,297.56
2022-07-04 07:00:00-07:00,SP15,1578.52
2022-07-04 07:00:00-07:00,ZP26,214.88
2022-07-04 07:00:00-07:00,CAISO,7153.75
2022-07-04 07:00:00-07:00,NP15,1197.14
2022-07-04 07:00:00-07:00,SP15,5033.62
2022-07-04 07:00:00-07:00,ZP26,922.99
2022-07-04 07:00:00-07:00,CAISO,10434.59
2022-07-04 07:00:00-07:00,NP15,1666.59
2022-07-04 07:00:00-07:00,SP15,7260.5
2022-07-04 07:00:00-07:00,ZP26,1507.5
2022-07-04 07:00:00-07:00,CAISO,11990.18
2022-07-04 07:00:00-07:00,NP15,1813.63
2022-07-04 07:00:00-07:00,SP15,8348.51
2022-07-04 07:00:00-07:00,ZP26,1828.04
2022-07-04 07:00:00-07:00,CAISO,12724.09
2022-07-04 07:00:00-07:00,NP15,1886.28
2022-07-04 07:00:00-07:00,SP15,8847.74
2022-07-04 07:00:00-07:00,ZP26,1990.07
2022-07-04 07:00:00-07:00,CAISO,13015.76
2022-07-04 07:00:00-07:00,NP15,1910.8
2022-07-04 07:00:00-07:00,SP15,9038.25
2022-07-04 07:00:00-07:00,ZP26,2066.71
2022-07-04 07:00:00-07:00,CAISO,13095.140000000001
2022-07-04 07:00:00-07:00,NP15,1878.18
2022-07-04 07:00:00-07:00,SP15,9176.94
2022-07-04 07:00:00-07:00,ZP26,2040.02
2022-07-04 07:00:00-07:00,CAISO,13024.11
2022-07-04 07:00:00-07:00,NP15,1843.77
2022-07-04 07:00:00-07:00,SP15,9154.61
2022-07-04 07:00:00-07:00,ZP26,2025.73
2022-07-04 07:00:00-07:00,CAISO,12765.54
2022-07-04 07:00:00-07:00,NP15,1791.0
2022-07-04 07:00:00-07:00,SP15,8987.29
2022-07-04 07:00:00-07:00,ZP26,1987.25
2022-07-04 07:00:00-07:00,CAISO,12279.27
2022-07-04 07:00:00-07:00,NP15,1754.64
2022-07-04 07:00:00-07:00,SP15,8605.36
2022-07-04 07:00:00-07:00,ZP26,1919.27
2022-07-04 07:00:00-07:00,CAISO,11444.2
2022-07-04 07:00:00-07:00,NP15,1700.54
2022-07-04 07:00:00-07:00,SP15,7982.05
2022-07-04 07:00:00-07:00,ZP26,1761.61
2022-07-04 07:00:00-07:00,CAISO,9728.36
2022-07-04 07:00:00-07:00,NP15,1576.69
2022-07-04 07:00:00-07:00,SP15,6662.59
2022-07-04 07:00:00-07:00,ZP26,1489.08
2022-07-04 07:00:00-07:00,CAISO,6042.1
2022-07-04 07:00:00-07:00,NP15,1166.16
2022-07-04 07:00:00-07:00,SP15,3894.2
2022-07-04 07:00:00-07:00,ZP26,981.74
2022-07-04 07:00:00-07:00,CAISO,1421.63
2022-07-04 07:00:00-07:00,NP15,371.11
2022-07-04 07:00:00-07:00,SP15,786.58
2022-07-04 07:00:00-07:00,ZP26,263.94
2022-07-04 07:00:00-07:00,CAISO,17.299999999999997
2022-07-04 07:00:00-07:00,NP15,7.71
2022-07-04 07:00:00-07:00,SP15,6.56
2022-07-04 07:00:00-07:00,ZP26,3.03
2022-07-04 07:00:00-07:00,CAISO,0.01
2022-07-04 07:00:00-07:00,NP15,0.01
2022-07-04 07:00:00-07:00,SP15,0.0
2022-07-04 07:00:00-07:00,ZP26,0.0
2022-07-04 07:00:00-07:00,CAISO,0.0
2022-07-04 07:00:00-07:00,NP15,0.0
2022-07-04 07:00:00-07:00,SP15,0.0
2022-07-04 07:00:00-07:00,ZP26,0.0
2022-07-04 07:00:00-07:00,CAISO,0.0
2022-07-04 07:00:00-07:00,NP15,0.0
2022-07-04 07:00:00-07:00,SP15,0.0
2022-07-04 07:00:00-07:00,ZP26,0.0
2022-07-05 07:00:00-07:00,CAISO,0.0
2022-07-05 07:00:00-07:00,NP15,0.0
2022-07-05 07:00:00-07:00,SP15,0.0
2022-07-05 07:00:00-07:00,ZP26,0.0
2022-07-05 07:00:00-07:00,CAISO,0.0
2022-07-05 07:00:00-07:00,NP15,0.0
2022-07-05 07:00:00-07:00,SP15,0.0
2022-07-05 07:00:00-07:00,ZP26,0.0
2022-07-05 07:00:00-07:00,CAISO,0.0
2022-07-05 07:00:00-07:00,NP15,0.0
2022-07-05 07:00:00-07:00,SP15,0.0
2022-07-05 07:00:00-07:00,ZP26,0.0
2022-07-05 07:00:00-07:00,CAISO,0.0
2022-07-05 07:00:00-07:00,NP15,0.0
2022-07-05 07:00:00-07:00,SP15,0.0
2022-07-05 07:00:00-07:00,ZP26,0.0
2022-07-05 07:00:00-07:00,CAISO,0.0
2022-07-05 07:00:00-07:00,NP15,0.0
2022-07-05 07:00:00-07:00,SP15,0.0
2022-07-05 07:00:00-07:00,ZP26,0.0
2022-07-05 07:00:00-07:00,CAISO,25.389999999999997
2022-07-05 07:00:00-07:00,NP15,0.64
2022-07-05 07:00:00-07:00,SP15,24.33
2022-07-05 07:00:00-07:00,ZP26,0.42
2022-07-05 07:00:00-07:00,CAISO,2063.5299999999997
2022-07-05 07:00:00-07:00,NP15,292.88
2022-07-05 07:00:00-07:00,SP15,1561.28
2022-07-05 07:00:00-07:00,ZP26,209.37
2022-07-05 07:00:00-07:00,CAISO,7104.98
2022-07-05 07:00:00-07:00,NP15,1187.05
2022-07-05 07:00:00-07:00,SP15,4993.34
2022-07-05 07:00:00-07:00,ZP26,924.59
2022-07-05 07:00:00-07:00,CAISO,10424.05
2022-07-05 07:00:00-07:00,NP15,1666.27
2022-07-05 07:00:00-07:00,SP15,7258.37
2022-07-05 07:00:00-07:00,ZP26,1499.41
2022-07-05 07:00:00-07:00,CAISO,12044.329999999998
2022-07-05 07:00:00-07:00,NP15,1838.06
2022-07-05 07:00:00-07:00,SP15,8387.96
2022-07-05 07:00:00-07:00,ZP26,1818.31
2022-07-05 07:00:00-07:00,CAISO,12852.63
2022-07-05 07:00:00-07:00,NP15,1921.69
2022-07-05 07:00:00-07:00,SP15,8932.13
2022-07-05 07:00:00-07:00,ZP26,1998.81
2022-07-05 07:00:00-07:00,CAISO,13236.130000000001
2022-07-05 07:00:00-07:00,NP15,1968.48
2022-07-05 07:00:00-07:00,SP15,9185.25
2022-07-05 07:00:00-07:00,ZP26,2082.4
2022-07-05 07:00:00-07:00,CAISO,13300.400000000001
2022-07-05 07:00:00-07:00,NP15,1984.67
2022-07-05 07:00:00-07:00,SP15,9241.54
2022-07-05 07:00:00-07:00,ZP26,2074.19
2022-07-05 07:00:00-07:00,CAISO,13251.420000000002
2022-07-05 07:00:00-07:00,NP15,1966.53
2022-07-05 07:00:00-07:00,SP15,9222.61
2022-07-05 07:00:00-07:00,ZP26,2062.28
2022-07-05 07:00:00-07:00,CAISO,13048.949999999999
2022-07-05 07:00:00-07:00,NP15,1941.59
2022-07-05 07:00:00-07:00,SP15,9072.49
2022-07-05 07:00:00-07:00,ZP26,2034.87
2022-07-05 07:00:00-07:00,CAISO,12557.25
2022-07-05 07:00:00-07:00,NP15,1904.03
2022-07-05 07:00:00-07:00,SP15,8700.68
2022-07-05 07:00:00-07:00,ZP26,1952.54
2022-07-05 07:00:00-07:00,CAISO,11738.77
2022-07-05 07:00:00-07:00,NP15,1854.09
2022-07-05 07:00:00-07:00,SP15,8081.88
2022-07-05 07:00:00-07:00,ZP26,1802.8
2022-07-05 07:00:00-07:00,CAISO,10015.77
2022-07-05 07:00:00-07:00,NP15,1717.64
2022-07-05 07:00:00-07:00,SP15,6763.17
2022-07-05 07:00:00-07:00,ZP26,1534.96
2022-07-05 07:00:00-07:00,CAISO,6246.54
2022-07-05 07:00:00-07:00,NP15,1263.65
2022-07-05 07:00:00-07:00,SP15,3959.6
2022-07-05 07:00:00-07:00,ZP26,1023.29
2022-07-05 07:00:00-07:00,CAISO,1478.11
2022-07-05 07:00:00-07:00,NP15,392.56
2022-07-05 07:00:00-07:00,SP15,801.02
2022-07-05 07:00:00-07:00,ZP26,284.53
2022-07-05 07:00:00-07:00,CAISO,19.39
2022-07-05 07:00:00-07:00,NP15,8.03
2022-07-05 07:00:00-07:00,SP15,7.89
2022-07-05 07:00:00-07:00,ZP26,3.47
2022-07-05 07:00:00-07:00,CAISO,0.01
2022-07-05 07:00:00-07:00,NP15,0.01
2022-07-05 07:00:00-07:00,SP15,0.0
2022-07-05 07:00:00-07:00,ZP26,0.0
2022-07-05 07:00:00-07:00,CAISO,0.0
2022-07-05 07:00:00-07:00,NP15,0.0
2022-07-05 07:00:00-07:00,SP15,0.0
2022-07-05 07:00:00-07:00,ZP26,0.0
2022-07-05 07:00:00-07:00,CAISO,0.0
2022-07-05 07:00:00-07:00,NP15,0.0
2022-07-05 07:00:00-07:00,SP15,0.0
2022-07-05 07:00:00-07:00,ZP26,0.0
2022-07-06 07:00:00-07:00,CAISO,0.0
2022-07-06 07:00:00-07:00,NP15,0.0
2022-07-06 07:00:00-07:00,SP15,0.0
2022-07-06 07:00:00-07:00,ZP26,0.0
2022-07-06 07:00:00-07:00,CAISO,0.0
2022-07-06 07:00:00-07:00,NP15,0.0
2022-07-06 07:00:00-07:00,SP15,0.0
2022-07-06 07:00:00-07:00,ZP26,0.0
2022-07-06 07:00:00-07:00,CAISO,0.0
2022-07-06 07:00:00-07:00,NP15,0.0
2022-07-06 07:00:00-07:00,SP15,0.0
2022-07-06 07:00:00-07:00,ZP26,0.0
2022-07-06 07:00:00-07:00,CAISO,0.0
2022-07-06 07:00:00-07:00,NP15,0.0
2022-07-06 07:00:00-07:00,SP15,0.0
2022-07-06 07:00:00-07:00,ZP26,0.0
2022-07-06 07:00:00-07:00,CAISO,0.0
2022-07-06 07:00:00-07:00,NP15,0.0
2022-07-06 07:00:00-07:00,SP15,0.0
2022-07-06 07:00:00-07:00,ZP26,0.0
2022-07-06 07:00:00-07:00,CAISO,25.25
2022-07-06 07:00:00-07:00,NP15,0.61
2022-07-06 07:00:00-07:00,SP15,24.2
2022-07-06 07:00:00-07:00,ZP26,0.44
2022-07-06 07:00:00-07:00,CAISO,2106.4
2022-07-06 07:00:00-07:00,NP15,305.92
2022-07-06 07:00:00-07:00,SP15,1575.55
2022-07-06 07:00:00-07:00,ZP26,224.93
2022-07-06 07:00:00-07:00,CAISO,7307.32
2022-07-06 07:00:00-07:00,NP15,1266.1
2022-07-06 07:00:00-07:00,SP15,5065.82
2022-07-06 07:00:00-07:00,ZP26,975.4
2022-07-06 07:00:00-07:00,CAISO,10659.470000000001
2022-07-06 07:00:00-07:00,NP15,1762.07
2022-07-06 07:00:00-07:00,SP15,7345.88
2022-07-06 07:00:00-07:00,ZP26,1551.52
2022-07-06 07:00:00-07:00,CAISO,12232.05
2022-07-06 07:00:00-07:00,NP15,1912.53
2022-07-06 07:00:00-07:00,SP15,8458.92
2022-07-06 07:00:00-07:00,ZP26,1860.6
2022-07-06 07:00:00-07:00,CAISO,12957.5
2022-07-06 07:00:00-07:00,NP15,1974.56
2022-07-06 07:00:00-07:00,SP15,8968.56
2022-07-06 07:00:00-07:00,ZP26,2014.38
2022-07-06 07:00:00-07:00,CAISO,13322.32
2022-07-06 07:00:00-07:00,NP15,2004.71
2022-07-06 07:00:00-07:00,SP15,9222.8
2022-07-06 07:00:00-07:00,ZP26,2094.81
2022-07-06 07:00:00-07:00,CAISO,13386.93
2022-07-06 07:00:00-07:00,NP15,2009.76
2022-07-06 07:00:00-07:00,SP15,9279.12
2022-07-06 07:00:00-07:00,ZP26,2098.05
2022-07-06 07:00:00-07:00,CAISO,13360.210000000001
2022-07-06 07:00:00-07:00,NP15,2007.7
2022-07-06 07:00:00-07:00,SP15,9258.19
2022-07-06 07:00:00-07:00,ZP26,2094.32
2022-07-06 07:00:00-07:00,CAISO,13169.43
2022-07-06 07:00:00-07:00,NP15,1988.56
2022-07-06 07:00:00-07:00,SP15,9111.59
2022-07-06 07:00:00-07:00,ZP26,2069.28
2022-07-06 07:00:00-07:00,CAISO,12692.45
2022-07-06 07:00:00-07:00,NP15,1955.45
2022-07-06 07:00:00-07:00,SP15,8745.54
2022-07-06 07:00:00-07:00,ZP26,1991.46
2022-07-06 07:00:00-07:00,CAISO,11869.869999999999
2022-07-06 07:00:00-07:00,NP15,1898.63
2022-07-06 07:00:00-07:00,SP15,8130.25
2022-07-06 07:00:00-07:00,ZP26,1840.99
2022-07-06 07:00:00-07:00,CAISO,10134.369999999999
2022-07-06 07:00:00-07:00,NP15,1761.66
2022-07-06 07:00:00-07:00,SP15,6807.9
2022-07-06 07:00:00-07:00,ZP26,1564.81
2022-07-06 07:00:00-07:00,CAISO,6330.469999999999
2022-07-06 07:00:00-07:00,NP15,1303.84
2022-07-06 07:00:00-07:00,SP15,3983.7
2022-07-06 07:00:00-07:00,ZP26,1042.93
2022-07-06 07:00:00-07:00,CAISO,1507.77
2022-07-06 07:00:00-07:00,NP15,413.65
2022-07-06 07:00:00-07:00,SP15,804.21
2022-07-06 07:00:00-07:00,ZP26,289.91
2022-07-06 07:00:00-07:00,CAISO,20.54
2022-07-06 07:00:00-07:00,NP15,8.96
2022-07-06 07:00:00-07:00,SP15,7.82
2022-07-06 07:00:00-07:00,ZP26,3.76
2022-07-06 07:00:00-07:00,CAISO,0.01
2022-07-06 07:00:00-07:00,NP15,0.01
2022-07-06 07:00:00-07:00,SP15,0.0
2022-07-06 07:00:00-07:00,ZP26,0.0
2022-07-06 07:00:00-07:00,CAISO,0.0
2022-07-06 07:00:00-07:00,NP15,0.0
2022-07-06 07:00:00-07:00,SP15,0.0
2022-07-06 07:00:00-07:00,ZP26,0.0
2022-07-06 07:00:00-07:00,CAISO,0.0
2022-07-06 07:00:00-07:00,NP15,0.0
2022-07-06 07:00:00-07:00,SP15,0.0
2022-07-06 07:00:00-07:00,ZP26,0.0
