Time,Solar
2022-07-01 00:00:00-07:00,0.0
2022-07-01 01:00:00-07:00,0.0
2022-07-01 02:00:00-07:00,0.0
2022-07-01 03:00:00-07:00,0.0
2022-07-01 04:00:00-07:00,0.0
2022-07-01 05:00:00-07:00,9.583333333333334
2022-07-01 06:00:00-07:00,2120.8333333333335
2022-07-01 07:00:00-07:00,7985.833333333333
2022-07-01 08:00:00-07:00,11568.75
2022-07-01 09:00:00-07:00,12971.0
2022-07-01 10:00:00-07:00,13715.416666666666
2022-07-01 11:00:00-07:00,14043.0
2022-07-01 12:00:00-07:00,14169.583333333334
2022-07-01 13:00:00-07:00,14143.083333333334
2022-07-01 14:00:00-07:00,13834.5
2022-07-01 15:00:00-07:00,13463.5
2022-07-01 16:00:00-07:00,12692.5
2022-07-01 17:00:00-07:00,11390.083333333334
2022-07-01 18:00:00-07:00,7635.916666666667
2022-07-01 19:00:00-07:00,2133.0833333333335
2022-07-01 20:00:00-07:00,34.583333333333336
2022-07-01 21:00:00-07:00,0.0
2022-07-01 22:00:00-07:00,13.583333333333334
2022-07-01 23:00:00-07:00,1.0833333333333333
2022-07-02 00:00:00-07:00,0.0
2022-07-02 01:00:00-07:00,0.0
2022-07-02 02:00:00-07:00,0.0
2022-07-02 03:00:00-07:00,0.0
2022-07-02 04:00:00-07:00,0.0
2022-07-02 05:00:00-07:00,9.75
2022-07-02 06:00:00-07:00,2036.75
2022-07-02 07:00:00-07:00,8220.833333333334
2022-07-02 08:00:00-07:00,11882.083333333334
2022-07-02 09:00:00-07:00,13095.25
2022-07-02 10:00:00-07:00,13700.166666666666
2022-07-02 11:00:00-07:00,13918.666666666666
2022-07-02 12:00:00-07:00,13925.416666666666
2022-07-02 13:00:00-07:00,13900.916666666666
2022-07-02 14:00:00-07:00,13857.083333333334
2022-07-02 15:00:00-07:00,13595.916666666666
2022-07-02 16:00:00-07:00,13009.333333333334
2022-07-02 17:00:00-07:00,11789.166666666666
2022-07-02 18:00:00-07:00,7856.25
2022-07-02 19:00:00-07:00,2149.6666666666665
2022-07-02 20:00:00-07:00,87.41666666666667
2022-07-02 21:00:00-07:00,44.583333333333336
2022-07-02 22:00:00-07:00,27.75
2022-07-02 23:00:00-07:00,0.0
2022-07-03 00:00:00-07:00,0.0
2022-07-03 01:00:00-07:00,0.0
2022-07-03 02:00:00-07:00,0.0
2022-07-03 03:00:00-07:00,0.0
2022-07-03 04:00:00-07:00,0.0
2022-07-03 05:00:00-07:00,11.583333333333334
2022-07-03 06:00:00-07:00,2119.25
2022-07-03 07:00:00-07:00,7384.75
2022-07-03 08:00:00-07:00,8523.25
2022-07-03 09:00:00-07:00,9546.583333333334
2022-07-03 10:00:00-07:00,10157.666666666666
2022-07-03 11:00:00-07:00,10802.75
2022-07-03 12:00:00-07:00,11025.166666666666
2022-07-03 13:00:00-07:00,10754.083333333334
2022-07-03 14:00:00-07:00,10272.083333333334
2022-07-03 15:00:00-07:00,10701.916666666666
2022-07-03 16:00:00-07:00,11015.75
2022-07-03 17:00:00-07:00,10832.25
2022-07-03 18:00:00-07:00,7677.833333333333
2022-07-03 19:00:00-07:00,2130.9166666666665
2022-07-03 20:00:00-07:00,45.0
2022-07-03 21:00:00-07:00,1.75
2022-07-03 22:00:00-07:00,15.166666666666666
2022-07-03 23:00:00-07:00,9.25
2022-07-04 00:00:00-07:00,3.5
2022-07-04 01:00:00-07:00,3.3333333333333335
2022-07-04 02:00:00-07:00,0.0
2022-07-04 03:00:00-07:00,0.0
2022-07-04 04:00:00-07:00,0.0
2022-07-04 05:00:00-07:00,3.8333333333333335
2022-07-04 06:00:00-07:00,1857.0
2022-07-04 07:00:00-07:00,6799.666666666667
2022-07-04 08:00:00-07:00,8700.833333333334
2022-07-04 09:00:00-07:00,9133.416666666666
2022-07-04 10:00:00-07:00,9967.333333333334
2022-07-04 11:00:00-07:00,10557.333333333334
2022-07-04 12:00:00-07:00,11487.583333333334
2022-07-04 13:00:00-07:00,12591.666666666666
2022-07-04 14:00:00-07:00,12742.083333333334
2022-07-04 15:00:00-07:00,12884.833333333334
2022-07-04 16:00:00-07:00,12477.5
2022-07-04 17:00:00-07:00,11276.833333333334
2022-07-04 18:00:00-07:00,7539.416666666667
2022-07-04 19:00:00-07:00,1976.3333333333333
2022-07-04 20:00:00-07:00,25.083333333333332
2022-07-04 21:00:00-07:00,0.0
2022-07-04 22:00:00-07:00,0.0
2022-07-04 23:00:00-07:00,0.0
2022-07-05 00:00:00-07:00,0.0
2022-07-05 01:00:00-07:00,0.0
2022-07-05 02:00:00-07:00,0.0
2022-07-05 03:00:00-07:00,0.0
2022-07-05 04:00:00-07:00,0.0
2022-07-05 05:00:00-07:00,2.75
2022-07-05 06:00:00-07:00,1793.6666666666667
2022-07-05 07:00:00-07:00,7608.083333333333
2022-07-05 08:00:00-07:00,11485.583333333334
2022-07-05 09:00:00-07:00,12718.583333333334
2022-07-05 10:00:00-07:00,13495.416666666666
2022-07-05 11:00:00-07:00,13830.583333333334
2022-07-05 12:00:00-07:00,13902.75
2022-07-05 13:00:00-07:00,13814.833333333334
2022-07-05 14:00:00-07:00,13627.583333333334
2022-07-05 15:00:00-07:00,13132.083333333334
2022-07-05 16:00:00-07:00,12529.333333333334
2022-07-05 17:00:00-07:00,11132.166666666666
2022-07-05 18:00:00-07:00,7295.0
2022-07-05 19:00:00-07:00,1931.4166666666667
2022-07-05 20:00:00-07:00,85.16666666666667
2022-07-05 21:00:00-07:00,27.166666666666668
2022-07-05 22:00:00-07:00,0.0
2022-07-05 23:00:00-07:00,0.0
2022-07-06 00:00:00-07:00,0.0
2022-07-06 01:00:00-07:00,0.0
2022-07-06 02:00:00-07:00,0.0
2022-07-06 03:00:00-07:00,0.0
2022-07-06 04:00:00-07:00,0.0
2022-07-06 05:00:00-07:00,4.166666666666667
2022-07-06 06:00:00-07:00,1887.8333333333333
2022-07-06 07:00:00-07:00,7729.75
2022-07-06 08:00:00-07:00,11502.833333333334
2022-07-06 09:00:00-07:00,12928.416666666666
2022-07-06 10:00:00-07:00,13604.333333333334
2022-07-06 11:00:00-07:00,13843.0
2022-07-06 12:00:00-07:00,13843.333333333334
2022-07-06 13:00:00-07:00,13859.083333333334
2022-07-06 14:00:00-07:00,13662.166666666666
2022-07-06 15:00:00-07:00,13320.666666666666
2022-07-06 16:00:00-07:00,12528.583333333334
2022-07-06 17:00:00-07:00,11358.083333333334
2022-07-06 18:00:00-07:00,7676.833333333333
2022-07-06 19:00:00-07:00,2283.3333333333335
2022-07-06 20:00:00-07:00,353.0833333333333
2022-07-06 21:00:00-07:00,131.58333333333334
2022-07-06 22:00:00-07:00,0.0
2022-07-06 23:00:00-07:00,0.0
2022-07-07 00:00:00-07:00,0.0
2022-07-07 01:00:00-07:00,0.0
2022-07-07 02:00:00-07:00,0.0
2022-07-07 03:00:00-07:00,0.0
2022-07-07 04:00:00-07:00,0.0
2022-07-07 05:00:00-07:00,4.333333333333333
2022-07-07 06:00:00-07:00,1876.0
2022-07-07 07:00:00-07:00,7683.5
2022-07-07 08:00:00-07:00,11321.75
2022-07-07 09:00:00-07:00,12621.25
2022-07-07 10:00:00-07:00,13159.5
2022-07-07 11:00:00-07:00,13419.25
2022-07-07 12:00:00-07:00,13533.333333333334
2022-07-07 13:00:00-07:00,13479.583333333334
2022-07-07 14:00:00-07:00,13375.0
2022-07-07 15:00:00-07:00,12892.833333333334
2022-07-07 16:00:00-07:00,12545.166666666666
2022-07-07 17:00:00-07:00,11330.833333333334
2022-07-07 18:00:00-07:00,7476.833333333333
2022-07-07 19:00:00-07:00,2047.0
2022-07-07 20:00:00-07:00,53.25
2022-07-07 21:00:00-07:00,0.0
2022-07-07 22:00:00-07:00,9.416666666666666
2022-07-07 23:00:00-07:00,0.9166666666666666
